{"days": 6.797845537646565, "avg_hrs": 9.98564116124178, "tot_attr": 13.630505818264155, "price_range": 1.861033899896704, "noise": 1}